[{"model": "admin.logentry", "pk": 1, "fields": {"action_time": "2022-05-09T09:55:01.611Z", "user": 1, "content_type": 4, "object_id": "2", "object_repr": "Энакин", "action_flag": 1, "change_message": "[{\"added\": {}}]"}}, {"model": "admin.logentry", "pk": 2, "fields": {"action_time": "2022-05-09T09:55:57.889Z", "user": 1, "content_type": 4, "object_id": "3", "object_repr": "Тони", "action_flag": 1, "change_message": "[{\"added\": {}}]"}}, {"model": "admin.logentry", "pk": 3, "fields": {"action_time": "2022-05-09T09:56:33.834Z", "user": 1, "content_type": 4, "object_id": "4", "object_repr": "Джон", "action_flag": 1, "change_message": "[{\"added\": {}}]"}}, {"model": "admin.logentry", "pk": 4, "fields": {"action_time": "2022-05-09T09:57:11.837Z", "user": 1, "content_type": 12, "object_id": "1", "object_repr": "ужин", "action_flag": 1, "change_message": "[{\"added\": {}}]"}}, {"model": "admin.logentry", "pk": 5, "fields": {"action_time": "2022-05-09T09:57:26.805Z", "user": 1, "content_type": 12, "object_id": "2", "object_repr": "обед", "action_flag": 1, "change_message": "[{\"added\": {}}]"}}, {"model": "admin.logentry", "pk": 6, "fields": {"action_time": "2022-05-09T09:57:44.052Z", "user": 1, "content_type": 12, "object_id": "3", "object_repr": "завтрак", "action_flag": 1, "change_message": "[{\"added\": {}}]"}}, {"model": "admin.logentry", "pk": 7, "fields": {"action_time": "2022-05-09T10:06:21.148Z", "user": 1, "content_type": 10, "object_id": "1", "object_repr": "Эддарт Старк", "action_flag": 1, "change_message": "[{\"added\": {}}]"}}, {"model": "admin.logentry", "pk": 8, "fields": {"action_time": "2022-05-09T10:06:39.371Z", "user": 1, "content_type": 10, "object_id": "2", "object_repr": "Игритт", "action_flag": 1, "change_message": "[{\"added\": {}}]"}}, {"model": "admin.logentry", "pk": 9, "fields": {"action_time": "2022-05-09T10:07:02.319Z", "user": 1, "content_type": 10, "object_id": "3", "object_repr": "Сюжет", "action_flag": 1, "change_message": "[{\"added\": {}}]"}}, {"model": "admin.logentry", "pk": 10, "fields": {"action_time": "2022-05-09T10:07:06.033Z", "user": 1, "content_type": 11, "object_id": "1", "object_repr": "Ничегонезнание", "action_flag": 1, "change_message": "[{\"added\": {}}, {\"added\": {\"name\": \"\\u0418\\u043d\\u0433\\u0440\\u0435\\u0434\\u0438\\u0435\\u043d\\u0442\", \"object\": \"\\u042d\\u0434\\u0434\\u0430\\u0440\\u0442 \\u0421\\u0442\\u0430\\u0440\\u043a\"}}, {\"added\": {\"name\": \"\\u0418\\u043d\\u0433\\u0440\\u0435\\u0434\\u0438\\u0435\\u043d\\u0442\", \"object\": \"\\u0418\\u0433\\u0440\\u0438\\u0442\\u0442\"}}, {\"added\": {\"name\": \"\\u0418\\u043d\\u0433\\u0440\\u0435\\u0434\\u0438\\u0435\\u043d\\u0442\", \"object\": \"\\u0421\\u044e\\u0436\\u0435\\u0442\"}}]"}}, {"model": "admin.logentry", "pk": 11, "fields": {"action_time": "2022-05-09T10:08:54.438Z", "user": 1, "content_type": 10, "object_id": "4", "object_repr": "Оби - Ван", "action_flag": 1, "change_message": "[{\"added\": {}}]"}}, {"model": "admin.logentry", "pk": 12, "fields": {"action_time": "2022-05-09T10:09:16.746Z", "user": 1, "content_type": 10, "object_id": "5", "object_repr": "Лазерный меч", "action_flag": 1, "change_message": "[{\"added\": {}}]"}}, {"model": "admin.logentry", "pk": 13, "fields": {"action_time": "2022-05-09T10:09:35.790Z", "user": 1, "content_type": 10, "object_id": "6", "object_repr": "Сила", "action_flag": 1, "change_message": "[{\"added\": {}}]"}}, {"model": "admin.logentry", "pk": 14, "fields": {"action_time": "2022-05-09T10:09:43.124Z", "user": 1, "content_type": 11, "object_id": "2", "object_repr": "Шинкованный Оби - Ван", "action_flag": 1, "change_message": "[{\"added\": {}}, {\"added\": {\"name\": \"\\u0418\\u043d\\u0433\\u0440\\u0435\\u0434\\u0438\\u0435\\u043d\\u0442\", \"object\": \"\\u041e\\u0431\\u0438 - \\u0412\\u0430\\u043d\"}}, {\"added\": {\"name\": \"\\u0418\\u043d\\u0433\\u0440\\u0435\\u0434\\u0438\\u0435\\u043d\\u0442\", \"object\": \"\\u041b\\u0430\\u0437\\u0435\\u0440\\u043d\\u044b\\u0439 \\u043c\\u0435\\u0447\"}}, {\"added\": {\"name\": \"\\u0418\\u043d\\u0433\\u0440\\u0435\\u0434\\u0438\\u0435\\u043d\\u0442\", \"object\": \"\\u0421\\u0438\\u043b\\u0430\"}}]"}}, {"model": "admin.logentry", "pk": 15, "fields": {"action_time": "2022-05-09T10:11:01.966Z", "user": 1, "content_type": 10, "object_id": "7", "object_repr": "Тони Страк", "action_flag": 1, "change_message": "[{\"added\": {}}]"}}, {"model": "admin.logentry", "pk": 16, "fields": {"action_time": "2022-05-09T10:11:20.638Z", "user": 1, "content_type": 10, "object_id": "8", "object_repr": "Стив Роджерс", "action_flag": 1, "change_message": "[{\"added\": {}}]"}}, {"model": "admin.logentry", "pk": 17, "fields": {"action_time": "2022-05-09T10:11:36.422Z", "user": 1, "content_type": 10, "object_id": "9", "object_repr": "Брюс Беннер", "action_flag": 1, "change_message": "[{\"added\": {}}]"}}, {"model": "admin.logentry", "pk": 18, "fields": {"action_time": "2022-05-09T10:11:50.486Z", "user": 1, "content_type": 10, "object_id": "10", "object_repr": "Клинт Бартон", "action_flag": 1, "change_message": "[{\"added\": {}}]"}}, {"model": "admin.logentry", "pk": 19, "fields": {"action_time": "2022-05-09T10:12:03.083Z", "user": 1, "content_type": 10, "object_id": "11", "object_repr": "Тор Одинсон", "action_flag": 1, "change_message": "[{\"added\": {}}]"}}, {"model": "admin.logentry", "pk": 20, "fields": {"action_time": "2022-05-09T10:12:23.070Z", "user": 1, "content_type": 10, "object_id": "12", "object_repr": "Наташа РомановА", "action_flag": 1, "change_message": "[{\"added\": {}}]"}}, {"model": "admin.logentry", "pk": 21, "fields": {"action_time": "2022-05-09T10:12:26.497Z", "user": 1, "content_type": 11, "object_id": "3", "object_repr": "Мстители", "action_flag": 1, "change_message": "[{\"added\": {}}, {\"added\": {\"name\": \"\\u0418\\u043d\\u0433\\u0440\\u0435\\u0434\\u0438\\u0435\\u043d\\u0442\", \"object\": \"\\u0422\\u043e\\u043d\\u0438 \\u0421\\u0442\\u0440\\u0430\\u043a\"}}, {\"added\": {\"name\": \"\\u0418\\u043d\\u0433\\u0440\\u0435\\u0434\\u0438\\u0435\\u043d\\u0442\", \"object\": \"\\u0421\\u0442\\u0438\\u0432 \\u0420\\u043e\\u0434\\u0436\\u0435\\u0440\\u0441\"}}, {\"added\": {\"name\": \"\\u0418\\u043d\\u0433\\u0440\\u0435\\u0434\\u0438\\u0435\\u043d\\u0442\", \"object\": \"\\u0411\\u0440\\u044e\\u0441 \\u0411\\u0435\\u043d\\u043d\\u0435\\u0440\"}}, {\"added\": {\"name\": \"\\u0418\\u043d\\u0433\\u0440\\u0435\\u0434\\u0438\\u0435\\u043d\\u0442\", \"object\": \"\\u041a\\u043b\\u0438\\u043d\\u0442 \\u0411\\u0430\\u0440\\u0442\\u043e\\u043d\"}}, {\"added\": {\"name\": \"\\u0418\\u043d\\u0433\\u0440\\u0435\\u0434\\u0438\\u0435\\u043d\\u0442\", \"object\": \"\\u0422\\u043e\\u0440 \\u041e\\u0434\\u0438\\u043d\\u0441\\u043e\\u043d\"}}, {\"added\": {\"name\": \"\\u0418\\u043d\\u0433\\u0440\\u0435\\u0434\\u0438\\u0435\\u043d\\u0442\", \"object\": \"\\u041d\\u0430\\u0442\\u0430\\u0448\\u0430 \\u0420\\u043e\\u043c\\u0430\\u043d\\u043e\\u0432\\u0410\"}}]"}}, {"model": "admin.logentry", "pk": 22, "fields": {"action_time": "2022-05-09T10:13:39.302Z", "user": 1, "content_type": 10, "object_id": "13", "object_repr": "Мармонт", "action_flag": 1, "change_message": "[{\"added\": {}}]"}}, {"model": "admin.logentry", "pk": 23, "fields": {"action_time": "2022-05-09T10:13:53.106Z", "user": 1, "content_type": 10, "object_id": "14", "object_repr": "Медвежий коготь", "action_flag": 1, "change_message": "[{\"added\": {}}]"}}, {"model": "admin.logentry", "pk": 24, "fields": {"action_time": "2022-05-09T10:14:07.486Z", "user": 1, "content_type": 10, "object_id": "15", "object_repr": "Упырь", "action_flag": 1, "change_message": "[{\"added\": {}}]"}}, {"model": "admin.logentry", "pk": 25, "fields": {"action_time": "2022-05-09T10:14:12.083Z", "user": 1, "content_type": 11, "object_id": "4", "object_repr": "Длинный коготь", "action_flag": 1, "change_message": "[{\"added\": {}}, {\"added\": {\"name\": \"\\u0418\\u043d\\u0433\\u0440\\u0435\\u0434\\u0438\\u0435\\u043d\\u0442\", \"object\": \"\\u041c\\u0430\\u0440\\u043c\\u043e\\u043d\\u0442\"}}, {\"added\": {\"name\": \"\\u0418\\u043d\\u0433\\u0440\\u0435\\u0434\\u0438\\u0435\\u043d\\u0442\", \"object\": \"\\u041c\\u0435\\u0434\\u0432\\u0435\\u0436\\u0438\\u0439 \\u043a\\u043e\\u0433\\u043e\\u0442\\u044c\"}}, {\"added\": {\"name\": \"\\u0418\\u043d\\u0433\\u0440\\u0435\\u0434\\u0438\\u0435\\u043d\\u0442\", \"object\": \"\\u0423\\u043f\\u044b\\u0440\\u044c\"}}]"}}, {"model": "admin.logentry", "pk": 26, "fields": {"action_time": "2022-05-09T10:15:32.129Z", "user": 1, "content_type": 10, "object_id": "16", "object_repr": "Амбиции", "action_flag": 1, "change_message": "[{\"added\": {}}]"}}, {"model": "admin.logentry", "pk": 27, "fields": {"action_time": "2022-05-09T10:15:51.889Z", "user": 1, "content_type": 10, "object_id": "17", "object_repr": "Гнев", "action_flag": 1, "change_message": "[{\"added\": {}}]"}}, {"model": "admin.logentry", "pk": 28, "fields": {"action_time": "2022-05-09T10:16:04.925Z", "user": 1, "content_type": 10, "object_id": "18", "object_repr": "Страх", "action_flag": 1, "change_message": "[{\"added\": {}}]"}}, {"model": "admin.logentry", "pk": 29, "fields": {"action_time": "2022-05-09T10:16:47.486Z", "user": 1, "content_type": 11, "object_id": "5", "object_repr": "Темная сторона силы", "action_flag": 1, "change_message": "[{\"added\": {}}, {\"added\": {\"name\": \"\\u0418\\u043d\\u0433\\u0440\\u0435\\u0434\\u0438\\u0435\\u043d\\u0442\", \"object\": \"\\u0421\\u0438\\u043b\\u0430\"}}, {\"added\": {\"name\": \"\\u0418\\u043d\\u0433\\u0440\\u0435\\u0434\\u0438\\u0435\\u043d\\u0442\", \"object\": \"\\u0410\\u043c\\u0431\\u0438\\u0446\\u0438\\u0438\"}}, {\"added\": {\"name\": \"\\u0418\\u043d\\u0433\\u0440\\u0435\\u0434\\u0438\\u0435\\u043d\\u0442\", \"object\": \"\\u0413\\u043d\\u0435\\u0432\"}}, {\"added\": {\"name\": \"\\u0418\\u043d\\u0433\\u0440\\u0435\\u0434\\u0438\\u0435\\u043d\\u0442\", \"object\": \"\\u0421\\u0442\\u0440\\u0430\\u0445\"}}]"}}, {"model": "admin.logentry", "pk": 30, "fields": {"action_time": "2022-05-09T10:17:59.529Z", "user": 1, "content_type": 10, "object_id": "19", "object_repr": "Том Хохланд", "action_flag": 1, "change_message": "[{\"added\": {}}]"}}, {"model": "admin.logentry", "pk": 31, "fields": {"action_time": "2022-05-09T10:18:03.579Z", "user": 1, "content_type": 11, "object_id": "6", "object_repr": "Чувачек Паук", "action_flag": 1, "change_message": "[{\"added\": {}}, {\"added\": {\"name\": \"\\u0418\\u043d\\u0433\\u0440\\u0435\\u0434\\u0438\\u0435\\u043d\\u0442\", \"object\": \"\\u0422\\u043e\\u043c \\u0425\\u043e\\u0445\\u043b\\u0430\\u043d\\u0434\"}}]"}}, {"model": "admin.logentry", "pk": 32, "fields": {"action_time": "2022-05-09T10:19:09.801Z", "user": 1, "content_type": 10, "object_id": "20", "object_repr": "Тётя бурерожденная", "action_flag": 1, "change_message": "[{\"added\": {}}]"}}, {"model": "admin.logentry", "pk": 33, "fields": {"action_time": "2022-05-09T10:19:18.804Z", "user": 1, "content_type": 11, "object_id": "7", "object_repr": "Драконы", "action_flag": 1, "change_message": "[{\"added\": {}}, {\"added\": {\"name\": \"\\u0418\\u043d\\u0433\\u0440\\u0435\\u0434\\u0438\\u0435\\u043d\\u0442\", \"object\": \"\\u0422\\u0451\\u0442\\u044f \\u0431\\u0443\\u0440\\u0435\\u0440\\u043e\\u0436\\u0434\\u0435\\u043d\\u043d\\u0430\\u044f\"}}]"}}, {"model": "admin.logentry", "pk": 34, "fields": {"action_time": "2022-05-09T10:20:37.797Z", "user": 1, "content_type": 10, "object_id": "21", "object_repr": "г...о", "action_flag": 1, "change_message": "[{\"added\": {}}]"}}, {"model": "admin.logentry", "pk": 35, "fields": {"action_time": "2022-05-09T10:20:46.444Z", "user": 1, "content_type": 10, "object_id": "22", "object_repr": "палки", "action_flag": 1, "change_message": "[{\"added\": {}}]"}}, {"model": "admin.logentry", "pk": 36, "fields": {"action_time": "2022-05-09T10:21:05.641Z", "user": 1, "content_type": 11, "object_id": "8", "object_repr": "Реактор", "action_flag": 1, "change_message": "[{\"added\": {}}, {\"added\": {\"name\": \"\\u0418\\u043d\\u0433\\u0440\\u0435\\u0434\\u0438\\u0435\\u043d\\u0442\", \"object\": \"\\u0433...\\u043e\"}}, {\"added\": {\"name\": \"\\u0418\\u043d\\u0433\\u0440\\u0435\\u0434\\u0438\\u0435\\u043d\\u0442\", \"object\": \"\\u043f\\u0430\\u043b\\u043a\\u0438\"}}]"}}, {"model": "admin.logentry", "pk": 37, "fields": {"action_time": "2022-05-09T10:22:18.585Z", "user": 1, "content_type": 10, "object_id": "23", "object_repr": "Натали Портман", "action_flag": 1, "change_message": "[{\"added\": {}}]"}}, {"model": "admin.logentry", "pk": 38, "fields": {"action_time": "2022-05-09T10:22:23.524Z", "user": 1, "content_type": 11, "object_id": "9", "object_repr": "Любовь в которую не поверит зритель", "action_flag": 1, "change_message": "[{\"added\": {}}, {\"added\": {\"name\": \"\\u0418\\u043d\\u0433\\u0440\\u0435\\u0434\\u0438\\u0435\\u043d\\u0442\", \"object\": \"\\u041d\\u0430\\u0442\\u0430\\u043b\\u0438 \\u041f\\u043e\\u0440\\u0442\\u043c\\u0430\\u043d\"}}]"}}, {"model": "auth.permission", "pk": 1, "fields": {"name": "Can add log entry", "content_type": 1, "codename": "add_logentry"}}, {"model": "auth.permission", "pk": 2, "fields": {"name": "Can change log entry", "content_type": 1, "codename": "change_logentry"}}, {"model": "auth.permission", "pk": 3, "fields": {"name": "Can delete log entry", "content_type": 1, "codename": "delete_logentry"}}, {"model": "auth.permission", "pk": 4, "fields": {"name": "Can view log entry", "content_type": 1, "codename": "view_logentry"}}, {"model": "auth.permission", "pk": 5, "fields": {"name": "Can add permission", "content_type": 2, "codename": "add_permission"}}, {"model": "auth.permission", "pk": 6, "fields": {"name": "Can change permission", "content_type": 2, "codename": "change_permission"}}, {"model": "auth.permission", "pk": 7, "fields": {"name": "Can delete permission", "content_type": 2, "codename": "delete_permission"}}, {"model": "auth.permission", "pk": 8, "fields": {"name": "Can view permission", "content_type": 2, "codename": "view_permission"}}, {"model": "auth.permission", "pk": 9, "fields": {"name": "Can add group", "content_type": 3, "codename": "add_group"}}, {"model": "auth.permission", "pk": 10, "fields": {"name": "Can change group", "content_type": 3, "codename": "change_group"}}, {"model": "auth.permission", "pk": 11, "fields": {"name": "Can delete group", "content_type": 3, "codename": "delete_group"}}, {"model": "auth.permission", "pk": 12, "fields": {"name": "Can view group", "content_type": 3, "codename": "view_group"}}, {"model": "auth.permission", "pk": 13, "fields": {"name": "Can add user", "content_type": 4, "codename": "add_user"}}, {"model": "auth.permission", "pk": 14, "fields": {"name": "Can change user", "content_type": 4, "codename": "change_user"}}, {"model": "auth.permission", "pk": 15, "fields": {"name": "Can delete user", "content_type": 4, "codename": "delete_user"}}, {"model": "auth.permission", "pk": 16, "fields": {"name": "Can view user", "content_type": 4, "codename": "view_user"}}, {"model": "auth.permission", "pk": 17, "fields": {"name": "Can add content type", "content_type": 5, "codename": "add_contenttype"}}, {"model": "auth.permission", "pk": 18, "fields": {"name": "Can change content type", "content_type": 5, "codename": "change_contenttype"}}, {"model": "auth.permission", "pk": 19, "fields": {"name": "Can delete content type", "content_type": 5, "codename": "delete_contenttype"}}, {"model": "auth.permission", "pk": 20, "fields": {"name": "Can view content type", "content_type": 5, "codename": "view_contenttype"}}, {"model": "auth.permission", "pk": 21, "fields": {"name": "Can add session", "content_type": 6, "codename": "add_session"}}, {"model": "auth.permission", "pk": 22, "fields": {"name": "Can change session", "content_type": 6, "codename": "change_session"}}, {"model": "auth.permission", "pk": 23, "fields": {"name": "Can delete session", "content_type": 6, "codename": "delete_session"}}, {"model": "auth.permission", "pk": 24, "fields": {"name": "Can view session", "content_type": 6, "codename": "view_session"}}, {"model": "auth.permission", "pk": 25, "fields": {"name": "Can add Token", "content_type": 7, "codename": "add_token"}}, {"model": "auth.permission", "pk": 26, "fields": {"name": "Can change Token", "content_type": 7, "codename": "change_token"}}, {"model": "auth.permission", "pk": 27, "fields": {"name": "Can delete Token", "content_type": 7, "codename": "delete_token"}}, {"model": "auth.permission", "pk": 28, "fields": {"name": "Can view Token", "content_type": 7, "codename": "view_token"}}, {"model": "auth.permission", "pk": 29, "fields": {"name": "Can add token", "content_type": 8, "codename": "add_tokenproxy"}}, {"model": "auth.permission", "pk": 30, "fields": {"name": "Can change token", "content_type": 8, "codename": "change_tokenproxy"}}, {"model": "auth.permission", "pk": 31, "fields": {"name": "Can delete token", "content_type": 8, "codename": "delete_tokenproxy"}}, {"model": "auth.permission", "pk": 32, "fields": {"name": "Can view token", "content_type": 8, "codename": "view_tokenproxy"}}, {"model": "auth.permission", "pk": 33, "fields": {"name": "Can add Подписка", "content_type": 9, "codename": "add_follow"}}, {"model": "auth.permission", "pk": 34, "fields": {"name": "Can change Подписка", "content_type": 9, "codename": "change_follow"}}, {"model": "auth.permission", "pk": 35, "fields": {"name": "Can delete Подписка", "content_type": 9, "codename": "delete_follow"}}, {"model": "auth.permission", "pk": 36, "fields": {"name": "Can view Подписка", "content_type": 9, "codename": "view_follow"}}, {"model": "auth.permission", "pk": 37, "fields": {"name": "Can add Ингредиент", "content_type": 10, "codename": "add_ingredient"}}, {"model": "auth.permission", "pk": 38, "fields": {"name": "Can change Ингредиент", "content_type": 10, "codename": "change_ingredient"}}, {"model": "auth.permission", "pk": 39, "fields": {"name": "Can delete Ингредиент", "content_type": 10, "codename": "delete_ingredient"}}, {"model": "auth.permission", "pk": 40, "fields": {"name": "Can view Ингредиент", "content_type": 10, "codename": "view_ingredient"}}, {"model": "auth.permission", "pk": 41, "fields": {"name": "Can add Рецепт", "content_type": 11, "codename": "add_recipe"}}, {"model": "auth.permission", "pk": 42, "fields": {"name": "Can change Рецепт", "content_type": 11, "codename": "change_recipe"}}, {"model": "auth.permission", "pk": 43, "fields": {"name": "Can delete Рецепт", "content_type": 11, "codename": "delete_recipe"}}, {"model": "auth.permission", "pk": 44, "fields": {"name": "Can view Рецепт", "content_type": 11, "codename": "view_recipe"}}, {"model": "auth.permission", "pk": 45, "fields": {"name": "Can add Тэг", "content_type": 12, "codename": "add_tag"}}, {"model": "auth.permission", "pk": 46, "fields": {"name": "Can change Тэг", "content_type": 12, "codename": "change_tag"}}, {"model": "auth.permission", "pk": 47, "fields": {"name": "Can delete Тэг", "content_type": 12, "codename": "delete_tag"}}, {"model": "auth.permission", "pk": 48, "fields": {"name": "Can view Тэг", "content_type": 12, "codename": "view_tag"}}, {"model": "auth.permission", "pk": 49, "fields": {"name": "Can add Ингредиент", "content_type": 13, "codename": "add_recipeingredient"}}, {"model": "auth.permission", "pk": 50, "fields": {"name": "Can change Ингредиент", "content_type": 13, "codename": "change_recipeingredient"}}, {"model": "auth.permission", "pk": 51, "fields": {"name": "Can delete Ингредиент", "content_type": 13, "codename": "delete_recipeingredient"}}, {"model": "auth.permission", "pk": 52, "fields": {"name": "Can view Ингредиент", "content_type": 13, "codename": "view_recipeingredient"}}, {"model": "auth.permission", "pk": 53, "fields": {"name": "Can add ('Избранный рецепт',)", "content_type": 14, "codename": "add_favorite"}}, {"model": "auth.permission", "pk": 54, "fields": {"name": "Can change ('Избранный рецепт',)", "content_type": 14, "codename": "change_favorite"}}, {"model": "auth.permission", "pk": 55, "fields": {"name": "Can delete ('Избранный рецепт',)", "content_type": 14, "codename": "delete_favorite"}}, {"model": "auth.permission", "pk": 56, "fields": {"name": "Can view ('Избранный рецепт',)", "content_type": 14, "codename": "view_favorite"}}, {"model": "auth.permission", "pk": 57, "fields": {"name": "Can add Корзина", "content_type": 15, "codename": "add_cart"}}, {"model": "auth.permission", "pk": 58, "fields": {"name": "Can change Корзина", "content_type": 15, "codename": "change_cart"}}, {"model": "auth.permission", "pk": 59, "fields": {"name": "Can delete Корзина", "content_type": 15, "codename": "delete_cart"}}, {"model": "auth.permission", "pk": 60, "fields": {"name": "Can view Корзина", "content_type": 15, "codename": "view_cart"}}, {"model": "auth.user", "pk": 1, "fields": {"password": "pbkdf2_sha256$260000$TMaV3G6eemPR0hWYCGmvCi$ftUdkxdhUceQ3uLerTXZxSv1Aeb2igsnvS34PsQIs4Q=", "last_login": "2022-05-09T10:23:17.802Z", "is_superuser": true, "username": "admin", "first_name": "", "last_name": "", "email": "admin@mail.ru", "is_staff": true, "is_active": true, "date_joined": "2022-05-09T08:57:20.239Z", "groups": [], "user_permissions": []}}, {"model": "auth.user", "pk": 2, "fields": {"password": "qwerty123!", "last_login": null, "is_superuser": false, "username": "Энакин", "first_name": "Энакин", "last_name": "Скайуокер", "email": "startwars@mail.ru", "is_staff": false, "is_active": true, "date_joined": "2022-05-09T09:53:46Z", "groups": [], "user_permissions": []}}, {"model": "auth.user", "pk": 3, "fields": {"password": "qwerty123!", "last_login": null, "is_superuser": false, "username": "Тони", "first_name": "Тони", "last_name": "Старк", "email": "stark@mail.ru", "is_staff": false, "is_active": true, "date_joined": "2022-05-09T09:55:13Z", "groups": [], "user_permissions": []}}, {"model": "auth.user", "pk": 4, "fields": {"password": "qwerty123!", "last_login": null, "is_superuser": false, "username": "Джон", "first_name": "Джон", "last_name": "Сноу", "email": "jhon@mail.ru", "is_staff": false, "is_active": true, "date_joined": "2022-05-09T09:56:03Z", "groups": [], "user_permissions": []}}, {"model": "contenttypes.contenttype", "pk": 1, "fields": {"app_label": "admin", "model": "logentry"}}, {"model": "contenttypes.contenttype", "pk": 2, "fields": {"app_label": "auth", "model": "permission"}}, {"model": "contenttypes.contenttype", "pk": 3, "fields": {"app_label": "auth", "model": "group"}}, {"model": "contenttypes.contenttype", "pk": 4, "fields": {"app_label": "auth", "model": "user"}}, {"model": "contenttypes.contenttype", "pk": 5, "fields": {"app_label": "contenttypes", "model": "contenttype"}}, {"model": "contenttypes.contenttype", "pk": 6, "fields": {"app_label": "sessions", "model": "session"}}, {"model": "contenttypes.contenttype", "pk": 7, "fields": {"app_label": "authtoken", "model": "token"}}, {"model": "contenttypes.contenttype", "pk": 8, "fields": {"app_label": "authtoken", "model": "tokenproxy"}}, {"model": "contenttypes.contenttype", "pk": 9, "fields": {"app_label": "users", "model": "follow"}}, {"model": "contenttypes.contenttype", "pk": 10, "fields": {"app_label": "api", "model": "ingredient"}}, {"model": "contenttypes.contenttype", "pk": 11, "fields": {"app_label": "api", "model": "recipe"}}, {"model": "contenttypes.contenttype", "pk": 12, "fields": {"app_label": "api", "model": "tag"}}, {"model": "contenttypes.contenttype", "pk": 13, "fields": {"app_label": "api", "model": "recipeingredient"}}, {"model": "contenttypes.contenttype", "pk": 14, "fields": {"app_label": "api", "model": "favorite"}}, {"model": "contenttypes.contenttype", "pk": 15, "fields": {"app_label": "api", "model": "cart"}}, {"model": "sessions.session", "pk": "npv0w9s1kfg7vsyeqojap5tw6gjvydk1", "fields": {"session_data": ".eJxVjEsOAiEQBe_C2hAaBgZcuvcMhG4aGTWQzGdlvLtOMgvdvqp6LxHTtta4LTzHKYuzAHH63TDRg9sO8j21W5fU2zpPKHdFHnSR1575eTncv4OalvqtrfcmqGBSGQc0CD5rRgZtHQUqDpR2wHYIuVDB5LQC53koRCMY9MaK9wfT4Ten:1nnzCq:rXWLoHtiPQ-0h9z6zLq7z1ZinuNMrEuYJ4kMVyPsBog", "expire_date": "2022-05-23T08:57:28.279Z"}}, {"model": "api.tag", "pk": 1, "fields": {"name": "ужин", "color": "#CD5C5C", "slug": "dinner"}}, {"model": "api.tag", "pk": 2, "fields": {"name": "обед", "color": "#20B2AA", "slug": "lunch"}}, {"model": "api.tag", "pk": 3, "fields": {"name": "завтрак", "color": "#FF69B4", "slug": "breakfast"}}, {"model": "api.ingredient", "pk": 1, "fields": {"name": "Эддарт Старк", "measurement_unit": "шт"}}, {"model": "api.ingredient", "pk": 2, "fields": {"name": "Игритт", "measurement_unit": "шт"}}, {"model": "api.ingredient", "pk": 3, "fields": {"name": "Сюжет", "measurement_unit": "шт"}}, {"model": "api.ingredient", "pk": 4, "fields": {"name": "Оби - Ван", "measurement_unit": "шт"}}, {"model": "api.ingredient", "pk": 5, "fields": {"name": "Лазерный меч", "measurement_unit": "шт"}}, {"model": "api.ingredient", "pk": 6, "fields": {"name": "Сила", "measurement_unit": "медиахлорианны"}}, {"model": "api.ingredient", "pk": 7, "fields": {"name": "Тони Страк", "measurement_unit": "шт"}}, {"model": "api.ingredient", "pk": 8, "fields": {"name": "Стив Роджерс", "measurement_unit": "шт"}}, {"model": "api.ingredient", "pk": 9, "fields": {"name": "Брюс Беннер", "measurement_unit": "шт"}}, {"model": "api.ingredient", "pk": 10, "fields": {"name": "Клинт Бартон", "measurement_unit": "шт"}}, {"model": "api.ingredient", "pk": 11, "fields": {"name": "Тор Одинсон", "measurement_unit": "шт"}}, {"model": "api.ingredient", "pk": 12, "fields": {"name": "Наташа РомановА", "measurement_unit": "шт"}}, {"model": "api.ingredient", "pk": 13, "fields": {"name": "Мармонт", "measurement_unit": "шт"}}, {"model": "api.ingredient", "pk": 14, "fields": {"name": "Медвежий коготь", "measurement_unit": "шт"}}, {"model": "api.ingredient", "pk": 15, "fields": {"name": "Упырь", "measurement_unit": "шт"}}, {"model": "api.ingredient", "pk": 16, "fields": {"name": "Амбиции", "measurement_unit": "шт"}}, {"model": "api.ingredient", "pk": 17, "fields": {"name": "Гнев", "measurement_unit": "шт"}}, {"model": "api.ingredient", "pk": 18, "fields": {"name": "Страх", "measurement_unit": "шт"}}, {"model": "api.ingredient", "pk": 19, "fields": {"name": "Том Хохланд", "measurement_unit": "шт"}}, {"model": "api.ingredient", "pk": 20, "fields": {"name": "Тётя бурерожденная", "measurement_unit": "шт"}}, {"model": "api.ingredient", "pk": 21, "fields": {"name": "г...о", "measurement_unit": "шт"}}, {"model": "api.ingredient", "pk": 22, "fields": {"name": "палки", "measurement_unit": "шт"}}, {"model": "api.ingredient", "pk": 23, "fields": {"name": "Натали Портман", "measurement_unit": "шт"}}, {"model": "api.recipe", "pk": 1, "fields": {"author": 4, "name": "Ничегонезнание", "image": "recipes/dontknow.jpeg", "text": "Умалчивать от сына своей сестры его происхождение. Умереть и так ничего ему и не сказать.", "cooking_time": 100, "tags": [1]}}, {"model": "api.recipe", "pk": 2, "fields": {"author": 2, "name": "Шинкованный Оби - Ван", "image": "recipes/obivan.jpg", "text": "Затаить злость на всех. Попытаться убить одного из немногих людей которым ты действительно дорог.", "cooking_time": 15, "tags": [1]}}, {"model": "api.recipe", "pk": 3, "fields": {"author": 3, "name": "Мстители", "image": "recipes/avengers.webp", "text": "Собрать команду мстителей", "cooking_time": 130, "tags": [2]}}, {"model": "api.recipe", "pk": 4, "fields": {"author": 4, "name": "Длинный коготь", "image": "recipes/sword.webp", "text": "Спасти Мармонта.", "cooking_time": 10, "tags": [3]}}, {"model": "api.recipe", "pk": 5, "fields": {"author": 2, "name": "Темная сторона силы", "image": "recipes/Darth_Vader.webp", "text": "Просто стать владыкой ситхов.", "cooking_time": 50, "tags": [2]}}, {"model": "api.recipe", "pk": 6, "fields": {"author": 3, "name": "Чувачек Паук", "image": "recipes/tomholland.jpg", "text": "Взять себе в стажеры Тома Хохланда", "cooking_time": 10, "tags": [3]}}, {"model": "api.recipe", "pk": 7, "fields": {"author": 4, "name": "Драконы", "image": "recipes/dragons.jpeg", "text": "Инцест...", "cooking_time": 5, "tags": [2]}}, {"model": "api.recipe", "pk": 8, "fields": {"author": 3, "name": "Реактор", "image": "recipes/starkreactor.webp", "text": "Создать реактор из металлолома сидя в авганском плену.", "cooking_time": 40, "tags": [3]}}, {"model": "api.recipe", "pk": 9, "fields": {"author": 2, "name": "Любовь в которую не поверит зритель", "image": "recipes/padme.jpg", "text": "Актёры без оскара( почти)", "cooking_time": 10, "tags": [3]}}, {"model": "api.recipeingredient", "pk": 1, "fields": {"ingredient": 1, "recipe": 1, "amount": 1}}, {"model": "api.recipeingredient", "pk": 2, "fields": {"ingredient": 2, "recipe": 1, "amount": 1}}, {"model": "api.recipeingredient", "pk": 3, "fields": {"ingredient": 3, "recipe": 1, "amount": 1}}, {"model": "api.recipeingredient", "pk": 4, "fields": {"ingredient": 4, "recipe": 2, "amount": 1}}, {"model": "api.recipeingredient", "pk": 5, "fields": {"ingredient": 5, "recipe": 2, "amount": 1}}, {"model": "api.recipeingredient", "pk": 6, "fields": {"ingredient": 6, "recipe": 2, "amount": 10000}}, {"model": "api.recipeingredient", "pk": 7, "fields": {"ingredient": 7, "recipe": 3, "amount": 1}}, {"model": "api.recipeingredient", "pk": 8, "fields": {"ingredient": 8, "recipe": 3, "amount": 1}}, {"model": "api.recipeingredient", "pk": 9, "fields": {"ingredient": 9, "recipe": 3, "amount": 1}}, {"model": "api.recipeingredient", "pk": 10, "fields": {"ingredient": 10, "recipe": 3, "amount": 1}}, {"model": "api.recipeingredient", "pk": 11, "fields": {"ingredient": 11, "recipe": 3, "amount": 1}}, {"model": "api.recipeingredient", "pk": 12, "fields": {"ingredient": 12, "recipe": 3, "amount": 1}}, {"model": "api.recipeingredient", "pk": 13, "fields": {"ingredient": 13, "recipe": 4, "amount": 1}}, {"model": "api.recipeingredient", "pk": 14, "fields": {"ingredient": 14, "recipe": 4, "amount": 1}}, {"model": "api.recipeingredient", "pk": 15, "fields": {"ingredient": 15, "recipe": 4, "amount": 2}}, {"model": "api.recipeingredient", "pk": 16, "fields": {"ingredient": 6, "recipe": 5, "amount": 10000}}, {"model": "api.recipeingredient", "pk": 17, "fields": {"ingredient": 16, "recipe": 5, "amount": 32767}}, {"model": "api.recipeingredient", "pk": 18, "fields": {"ingredient": 17, "recipe": 5, "amount": 32767}}, {"model": "api.recipeingredient", "pk": 19, "fields": {"ingredient": 18, "recipe": 5, "amount": 10000}}, {"model": "api.recipeingredient", "pk": 20, "fields": {"ingredient": 19, "recipe": 6, "amount": 1}}, {"model": "api.recipeingredient", "pk": 21, "fields": {"ingredient": 20, "recipe": 7, "amount": 1}}, {"model": "api.recipeingredient", "pk": 22, "fields": {"ingredient": 21, "recipe": 8, "amount": 1}}, {"model": "api.recipeingredient", "pk": 23, "fields": {"ingredient": 22, "recipe": 8, "amount": 2}}, {"model": "api.recipeingredient", "pk": 24, "fields": {"ingredient": 23, "recipe": 9, "amount": 1}}]